Order,AsanaID,CanonicalId,AsanaName,Category,Stance,TotalRules,HighSev,CriticalRuleSource,CriticalRuleIDs,RequiresRefinement,FalsePositiveRisk,RiskReason
1,archers-akarna-dhanurasana,archers-akarna-dhanurasana,"Archer's Pose",seated,seated,2,0,low-severity-NO_CRITICAL_RULES,"",true,BLOCKED,"Rules exist but lack high-severity pose-defining constraints (2 low/medium-severity rules)"
2,banana-supta-nitambasana,banana-supta-nitambasana,"Banana Pose",restorative,supine,1,0,low-severity-NO_CRITICAL_RULES,"",true,BLOCKED,"Rules exist but lack high-severity pose-defining constraints (1 low/medium-severity rules)"
3,big-toe-padangushthasana,big-toe-padangushthasana,"Big Toe Pose",standing,standing,3,0,low-severity-NO_CRITICAL_RULES,"",true,BLOCKED,"Rules exist but lack high-severity pose-defining constraints (3 low/medium-severity rules)"
4,bird-of-paradise-svarga-dvijasana,bird-of-paradise-svarga-dvijasana,"Bird of Paradise",balancing,standing,2,1,auto-high-severity-fallback,"bird-of-paradise-svarga-dvijasana.standing.leg",false,LOW,"Auto-extracted high-severity angle rules provide some pose identity"
5,boat-navasana,boat-navasana,"Boat Pose",core,seated,2,1,auto-high-severity-fallback,"boat-navasana.core.alignment",false,LOW,"Auto-extracted high-severity angle rules provide some pose identity"
6,bound-angle-baddha-konasana,bound-angle-baddha-konasana,"Bound Angle Pose",seated,seated,2,0,low-severity-NO_CRITICAL_RULES,"",true,BLOCKED,"Rules exist but lack high-severity pose-defining constraints (2 low/medium-severity rules)"
7,bow-dhanurasana,bow-dhanurasana,"Bow Pose",backbend,prone,2,0,low-severity-NO_CRITICAL_RULES,"",true,BLOCKED,"Rules exist but lack high-severity pose-defining constraints (2 low/medium-severity rules)"
8,box-chakravakasana,box-chakravakasana,"Box Pose",restorative,all_fours,1,0,low-severity-NO_CRITICAL_RULES,"",true,BLOCKED,"Rules exist but lack high-severity pose-defining constraints (1 low/medium-severity rules)"
9,bridge-setu-bandha-sarvangasana,setu-bandhasana,"Bridge Pose",backbend,inverted,2,0,KNOWN_CRITICAL_RULES,"bridge.hips.lift | bridge.left_knee.angle",false,LOW,"Hand-authored pose-defining critical rules (NOW ACTIVE)"
10,butterfly,butterfly,"Butterfly Pose",seated,seated,2,0,low-severity-NO_CRITICAL_RULES,"",true,BLOCKED,"Rules exist but lack high-severity pose-defining constraints (2 low/medium-severity rules)"
11,camel-ustrasana,camel-ustrasana,"Camel Pose",backbend,kneeling,2,0,low-severity-NO_CRITICAL_RULES,"",true,BLOCKED,"Rules exist but lack high-severity pose-defining constraints (2 low/medium-severity rules)"
12,cat-marjariasana,cat-marjariasana,"Cat Pose",restorative,all_fours,1,0,low-severity-NO_CRITICAL_RULES,"",true,BLOCKED,"Rules exist but lack high-severity pose-defining constraints (1 low/medium-severity rules)"
13,caterpillar,caterpillar,"Caterpillar Pose",restorative,all_fours,1,0,low-severity-NO_CRITICAL_RULES,"",true,BLOCKED,"Rules exist but lack high-severity pose-defining constraints (1 low/medium-severity rules)"
14,chair-utkatasana,chair-utkatasana,"Chair Pose",standing,standing,3,0,low-severity-NO_CRITICAL_RULES,"",true,BLOCKED,"Rules exist but lack high-severity pose-defining constraints (3 low/medium-severity rules)"
15,childs-pose-balasana,balasana,"Child's Pose",restorative,kneeling,0,0,KNOWN_CRITICAL_RULES,"balasana.hips.heels | balasana.torso.fold",false,LOW,"Hand-authored pose-defining critical rules (NOW ACTIVE)"
16,chin-stand-ganda-bherundasana,chin-stand-ganda-bherundasana,"Chin Stand",inversion,inverted,2,2,auto-high-severity-fallback,"chin-stand-ganda-bherundasana.inversion.line | chin-stand-ganda-bherundasana.shoulder.base",false,MEDIUM,"High-severity but generic metrics (alignment) - not pose-specific"
17,cobra-bhujangasana,bhujangasana,"Cobra Pose",backbend,prone,0,0,KNOWN_CRITICAL_RULES,"bhujangasana.chest.lift | bhujangasana.elbows.tuck",false,LOW,"Hand-authored pose-defining critical rules (NOW ACTIVE)"
18,corpse-savasana,corpse-savasana,"Corpse Pose",restorative,supine,1,0,low-severity-NO_CRITICAL_RULES,"",true,BLOCKED,"Rules exist but lack high-severity pose-defining constraints (1 low/medium-severity rules)"
19,cow-bitilasana,cow-bitilasana,"Cow Pose",restorative,all_fours,1,0,low-severity-NO_CRITICAL_RULES,"",true,BLOCKED,"Rules exist but lack high-severity pose-defining constraints (1 low/medium-severity rules)"
20,cow-face-gomukhasana,cow-face-gomukhasana,"Cow Face Pose",seated,seated,2,0,low-severity-NO_CRITICAL_RULES,"",true,BLOCKED,"Rules exist but lack high-severity pose-defining constraints (2 low/medium-severity rules)"
21,crane-bakasana,crane-bakasana,"Crane Pose",balancing,arm_balance,2,1,auto-high-severity-fallback,"crane-bakasana.standing.leg",false,LOW,"Auto-extracted high-severity angle rules provide some pose identity"
22,crescent-lunge-ashta-chandrasana,crescent-lunge-ashta-chandrasana,"Crescent Lunge",standing,standing,3,0,low-severity-NO_CRITICAL_RULES,"",true,BLOCKED,"Rules exist but lack high-severity pose-defining constraints (3 low/medium-severity rules)"
23,crescent-lunge-on-knee-anjaneyasana,crescent-lunge-on-knee-anjaneyasana,"Low Lunge",standing,standing,3,0,low-severity-NO_CRITICAL_RULES,"",true,BLOCKED,"Rules exist but lack high-severity pose-defining constraints (3 low/medium-severity rules)"
24,crescent-moon-ardha-chandrasana,crescent-moon-ardha-chandrasana,"Crescent Moon Pose",balancing,standing,2,1,auto-high-severity-fallback,"crescent-moon-ardha-chandrasana.standing.leg",false,LOW,"Auto-extracted high-severity angle rules provide some pose identity"
25,crooked-monkey,crooked-monkey,"Crooked Monkey",seated,seated,2,0,low-severity-NO_CRITICAL_RULES,"",true,BLOCKED,"Rules exist but lack high-severity pose-defining constraints (2 low/medium-severity rules)"
26,crow-kakasana,crow-kakasana,"Crow Pose",balancing,arm_balance,2,1,auto-high-severity-fallback,"crow-kakasana.standing.leg",false,LOW,"Auto-extracted high-severity angle rules provide some pose identity"
27,dancer-natarajasana,dancer-natarajasana,"Dancer Pose",balancing,standing,2,1,auto-high-severity-fallback,"dancer-natarajasana.standing.leg",false,LOW,"Auto-extracted high-severity angle rules provide some pose identity"
28,deaf-mans-karna-pidasana,deaf-mans-karna-pidasana,"Deaf Man's Pose",inversion,inverted,2,2,auto-high-severity-fallback,"deaf-mans-karna-pidasana.inversion.line | deaf-mans-karna-pidasana.shoulder.base",false,MEDIUM,"High-severity but generic metrics (alignment) - not pose-specific"
29,dolphin-shishumarasana,dolphin-shishumarasana,"Dolphin Pose",inversion,inverted,2,2,auto-high-severity-fallback,"dolphin-shishumarasana.inversion.line | dolphin-shishumarasana.shoulder.base",false,MEDIUM,"High-severity but generic metrics (alignment) - not pose-specific"
30,downward-dog-adho-mukha-svanasana,adho-mukha-svanasana,"Downward-Facing Dog",standing,inverted,3,0,KNOWN_CRITICAL_RULES,"downward-dog.spine.extension | downward-dog.hips.elevation",false,LOW,"Hand-authored pose-defining critical rules (NOW ACTIVE)"
31,eagle-garudasana,eagle-garudasana,"Eagle Pose",balancing,standing,2,1,auto-high-severity-fallback,"eagle-garudasana.standing.leg",false,LOW,"Auto-extracted high-severity angle rules provide some pose identity"
32,easy-sukhasana,easy-sukhasana,"Easy Pose",seated,seated,2,0,low-severity-NO_CRITICAL_RULES,"",true,BLOCKED,"Rules exist but lack high-severity pose-defining constraints (2 low/medium-severity rules)"
33,eight-angle-ashtavakrasana,eight-angle-ashtavakrasana,"Eight-Angle Pose",balancing,arm_balance,2,1,auto-high-severity-fallback,"eight-angle-ashtavakrasana.standing.leg",false,LOW,"Auto-extracted high-severity angle rules provide some pose identity"
34,eight-point-ashtangasana,eight-point-ashtangasana,"Eight-Limbed Pose",core,standing,2,1,auto-high-severity-fallback,"eight-point-ashtangasana.core.alignment",false,LOW,"Auto-extracted high-severity angle rules provide some pose identity"
35,elbow-balance-shayanasana,elbow-balance-shayanasana,"Elbow Balance",inversion,inverted,2,2,auto-high-severity-fallback,"elbow-balance-shayanasana.inversion.line | elbow-balance-shayanasana.shoulder.base",false,MEDIUM,"High-severity but generic metrics (alignment) - not pose-specific"
36,elephant-trunk-eka-hasta-bhujasana,elephant-trunk-eka-hasta-bhujasana,"Elephant's Trunk Pose",balancing,standing,2,1,auto-high-severity-fallback,"elephant-trunk-eka-hasta-bhujasana.standing.leg",false,LOW,"Auto-extracted high-severity angle rules provide some pose identity"
37,embryo-in-womb-garbha-pindasana,embryo-in-womb-garbha-pindasana,"Embryo In Womb",standing,standing,3,0,low-severity-NO_CRITICAL_RULES,"",true,BLOCKED,"Rules exist but lack high-severity pose-defining constraints (3 low/medium-severity rules)"
38,embryo-pindasana,embryo-pindasana,"Embryo",standing,standing,3,0,low-severity-NO_CRITICAL_RULES,"",true,BLOCKED,"Rules exist but lack high-severity pose-defining constraints (3 low/medium-severity rules)"
39,extended-puppy-uttana-shishosana,extended-puppy-uttana-shishosana,"Extended Puppy Pose",restorative,standing,1,0,low-severity-NO_CRITICAL_RULES,"",true,BLOCKED,"Rules exist but lack high-severity pose-defining constraints (1 low/medium-severity rules)"
40,extended-side-angle-utthita-parshvakonasana,extended-side-angle-utthita-parshvakonasana,"Extended Side Angle",standing,standing,3,0,low-severity-NO_CRITICAL_RULES,"",true,BLOCKED,"Rules exist but lack high-severity pose-defining constraints (3 low/medium-severity rules)"
41,extended-standing-hand-to-big-toe-utthita-hasta-padangushthasana-b,extended-standing-hand-to-big-toe-utthita-hasta-padangushthasana-b,"Extended Standing Hand To Big Toe Utthita",standing,standing,3,0,low-severity-NO_CRITICAL_RULES,"",true,BLOCKED,"Rules exist but lack high-severity pose-defining constraints (3 low/medium-severity rules)"
42,extended-supine-hand-to-big-toe-supta-padangushthasana-b,extended-supine-hand-to-big-toe-supta-padangushthasana-b,"Extended Supine Hand To Big Toe",restorative,supine,1,0,low-severity-NO_CRITICAL_RULES,"",true,BLOCKED,"Rules exist but lack high-severity pose-defining constraints (1 low/medium-severity rules)"
43,fire-log-agnistambhasana,fire-log-agnistambhasana,"Fire Log Pose",seated,seated,2,0,low-severity-NO_CRITICAL_RULES,"",true,BLOCKED,"Rules exist but lack high-severity pose-defining constraints (2 low/medium-severity rules)"
44,firefly-i-tittibhasana-a,firefly-i-tittibhasana-a,"Firefly I",standing,arm_balance,3,0,low-severity-NO_CRITICAL_RULES,"",true,BLOCKED,"Rules exist but lack high-severity pose-defining constraints (3 low/medium-severity rules)"
45,firefly-ii-tittibhasana-b,firefly-ii-tittibhasana-b,"Firefly II",standing,arm_balance,3,0,low-severity-NO_CRITICAL_RULES,"",true,BLOCKED,"Rules exist but lack high-severity pose-defining constraints (3 low/medium-severity rules)"
46,firefly-iii-tittibhasana-c,firefly-iii-tittibhasana-c,"Firefly III",standing,arm_balance,3,0,low-severity-NO_CRITICAL_RULES,"",true,BLOCKED,"Rules exist but lack high-severity pose-defining constraints (3 low/medium-severity rules)"
47,fish-matsyasana,fish-matsyasana,"Fish Pose",backbend,supine,2,0,low-severity-NO_CRITICAL_RULES,"",true,BLOCKED,"Rules exist but lack high-severity pose-defining constraints (2 low/medium-severity rules)"
48,floating-stick-brahmacharyasana,floating-stick-brahmacharyasana,"Floating Stick",standing,standing,3,0,low-severity-NO_CRITICAL_RULES,"",true,BLOCKED,"Rules exist but lack high-severity pose-defining constraints (3 low/medium-severity rules)"
49,flying-lizard,flying-lizard,"Flying Lizard",balancing,arm_balance,2,1,auto-high-severity-fallback,"flying-lizard.standing.leg",false,LOW,"Auto-extracted high-severity angle rules provide some pose identity"
50,flying-man-eka-pada-koundinyasana,flying-man-eka-pada-koundinyasana,"Flying Man",balancing,arm_balance,2,1,auto-high-severity-fallback,"flying-man-eka-pada-koundinyasana.standing.leg",false,LOW,"Auto-extracted high-severity angle rules provide some pose identity"
51,flying-pigeon-eka-pada-galavasana,flying-pigeon-eka-pada-galavasana,"Flying Pigeon",balancing,arm_balance,2,1,auto-high-severity-fallback,"flying-pigeon-eka-pada-galavasana.standing.leg",false,LOW,"Auto-extracted high-severity angle rules provide some pose identity"
52,forearm-balance-pincha-mayurasana,forearm-balance-pincha-mayurasana,"Forearm Stand",inversion,arm_balance,2,2,auto-high-severity-fallback,"forearm-balance-pincha-mayurasana.inversion.line | forearm-balance-pincha-mayurasana.shoulder.base",false,MEDIUM,"High-severity but generic metrics (alignment) - not pose-specific"
53,frog-bhekasana,frog-bhekasana,"Frog Pose",backbend,standing,2,0,low-severity-NO_CRITICAL_RULES,"",true,BLOCKED,"Rules exist but lack high-severity pose-defining constraints (2 low/medium-severity rules)"
54,front-splits-hanumanasana,front-splits-hanumanasana,"Front Splits",seated,seated,2,0,low-severity-NO_CRITICAL_RULES,"",true,BLOCKED,"Rules exist but lack high-severity pose-defining constraints (2 low/medium-severity rules)"
55,garland-malasana,garland-malasana,"Garland Pose",standing,standing,3,0,low-severity-NO_CRITICAL_RULES,"",true,BLOCKED,"Rules exist but lack high-severity pose-defining constraints (3 low/medium-severity rules)"
56,gate-parighasana,gate-parighasana,"Gate Pose",standing,kneeling,3,0,low-severity-NO_CRITICAL_RULES,"",true,BLOCKED,"Rules exist but lack high-severity pose-defining constraints (3 low/medium-severity rules)"
57,goddess-utkata-konasana,goddess-utkata-konasana,"Goddess Pose",standing,standing,3,0,low-severity-NO_CRITICAL_RULES,"",true,BLOCKED,"Rules exist but lack high-severity pose-defining constraints (3 low/medium-severity rules)"
58,gorilla-pada-hastasana,gorilla-pada-hastasana,"Gorilla",standing,standing,3,0,low-severity-NO_CRITICAL_RULES,"",true,BLOCKED,"Rules exist but lack high-severity pose-defining constraints (3 low/medium-severity rules)"
59,grasshopper-maksikanagasana,grasshopper-maksikanagasana,"Grasshopper",standing,standing,3,0,low-severity-NO_CRITICAL_RULES,"",true,BLOCKED,"Rules exist but lack high-severity pose-defining constraints (3 low/medium-severity rules)"
60,half-bow-ardha-dhanurasana,half-bow-ardha-dhanurasana,"Half Bow",backbend,prone,2,0,low-severity-NO_CRITICAL_RULES,"",true,BLOCKED,"Rules exist but lack high-severity pose-defining constraints (2 low/medium-severity rules)"
61,half-moon-ardha-chandrasana,half-moon-ardha-chandrasana,"Half Moon Pose",balancing,standing,2,1,auto-high-severity-fallback,"half-moon-ardha-chandrasana.standing.leg",false,LOW,"Auto-extracted high-severity angle rules provide some pose identity"
62,half-pigeon-ardha-kapotasana,half-pigeon-ardha-kapotasana,"Half Pigeon Pose",seated,seated,2,0,low-severity-NO_CRITICAL_RULES,"",true,BLOCKED,"Rules exist but lack high-severity pose-defining constraints (2 low/medium-severity rules)"
63,handstand-adho-mukha-vrksasana,handstand-adho-mukha-vrksasana,"Handstand",inversion,inverted,2,2,auto-high-severity-fallback,"handstand-adho-mukha-vrksasana.inversion.line | handstand-adho-mukha-vrksasana.shoulder.base",false,MEDIUM,"High-severity but generic metrics (alignment) - not pose-specific"
64,happy-baby-ananda-balasana,happy-baby-ananda-balasana,"Happy Baby Pose",restorative,supine,1,0,low-severity-NO_CRITICAL_RULES,"",true,BLOCKED,"Rules exist but lack high-severity pose-defining constraints (1 low/medium-severity rules)"
65,head-to-knee-janu-sirsasana,head-to-knee-janu-sirsasana,"Head To Knee Janu",inversion,inverted,2,2,auto-high-severity-fallback,"head-to-knee-janu-sirsasana.inversion.line | head-to-knee-janu-sirsasana.shoulder.base",false,MEDIUM,"High-severity but generic metrics (alignment) - not pose-specific"
66,headstand-sirsasana,headstand-sirsasana,"Headstand",inversion,inverted,2,2,auto-high-severity-fallback,"headstand-sirsasana.inversion.line | headstand-sirsasana.shoulder.base",false,MEDIUM,"High-severity but generic metrics (alignment) - not pose-specific"
67,hero-virasana,hero-virasana,"Hero Pose",seated,seated,2,0,low-severity-NO_CRITICAL_RULES,"",true,BLOCKED,"Rules exist but lack high-severity pose-defining constraints (2 low/medium-severity rules)"
68,heron-kraunchasana,heron-kraunchasana,"Heron",seated,seated,2,0,low-severity-NO_CRITICAL_RULES,"",true,BLOCKED,"Rules exist but lack high-severity pose-defining constraints (2 low/medium-severity rules)"
69,himalayan-duck-karandavasana,himalayan-duck-karandavasana,"Himalayan Duck",standing,standing,3,0,low-severity-NO_CRITICAL_RULES,"",true,BLOCKED,"Rules exist but lack high-severity pose-defining constraints (3 low/medium-severity rules)"
70,horse-vatayanasana,horse-vatayanasana,"Horse",standing,standing,3,0,low-severity-NO_CRITICAL_RULES,"",true,BLOCKED,"Rules exist but lack high-severity pose-defining constraints (3 low/medium-severity rules)"
71,humble-flamingo,humble-flamingo,"Humble Flamingo",standing,standing,3,0,low-severity-NO_CRITICAL_RULES,"",true,BLOCKED,"Rules exist but lack high-severity pose-defining constraints (3 low/medium-severity rules)"
72,inverted-staff-dvi-pada-viparita-dandasana,inverted-staff-dvi-pada-viparita-dandasana,"Inverted Staff Dvi Pada Viparita",seated,seated,2,0,low-severity-NO_CRITICAL_RULES,"",true,BLOCKED,"Rules exist but lack high-severity pose-defining constraints (2 low/medium-severity rules)"
73,king-pigeon-eka-pada-rajakapotasana,king-pigeon-eka-pada-rajakapotasana,"King Pigeon Pose",backbend,standing,2,0,low-severity-NO_CRITICAL_RULES,"",true,BLOCKED,"Rules exist but lack high-severity pose-defining constraints (2 low/medium-severity rules)"
74,legs-up-the-wall-viparita-karani,legs-up-the-wall-viparita-karani,"Legs-Up-The-Wall Pose",restorative,inverted,1,0,low-severity-NO_CRITICAL_RULES,"",true,BLOCKED,"Rules exist but lack high-severity pose-defining constraints (1 low/medium-severity rules)"
75,little-thunderbolt-laghu-vajrasana,little-thunderbolt-laghu-vajrasana,"Little Thunderbolt",standing,kneeling,3,0,low-severity-NO_CRITICAL_RULES,"",true,BLOCKED,"Rules exist but lack high-severity pose-defining constraints (3 low/medium-severity rules)"
76,lizard-uttana-pristhasana,lizard-uttana-pristhasana,"Lizard Pose",standing,standing,3,0,low-severity-NO_CRITICAL_RULES,"",true,BLOCKED,"Rules exist but lack high-severity pose-defining constraints (3 low/medium-severity rules)"
77,locust-i-shalabhasana-a,locust-i-shalabhasana-a,"Locust I",backbend,prone,2,0,low-severity-NO_CRITICAL_RULES,"",true,BLOCKED,"Rules exist but lack high-severity pose-defining constraints (2 low/medium-severity rules)"
78,locust-ii-shalabhasana-b,locust-ii-shalabhasana-b,"Locust II",backbend,prone,2,0,low-severity-NO_CRITICAL_RULES,"",true,BLOCKED,"Rules exist but lack high-severity pose-defining constraints (2 low/medium-severity rules)"
79,locust-iii-shalabhasana-c,locust-iii-shalabhasana-c,"Locust III",backbend,prone,2,0,low-severity-NO_CRITICAL_RULES,"",true,BLOCKED,"Rules exist but lack high-severity pose-defining constraints (2 low/medium-severity rules)"
80,lord-of-the-fishes-paripurna-matsyendrasana,lord-of-the-fishes-paripurna-matsyendrasana,"Lord Of The Fishes'",backbend,supine,2,0,low-severity-NO_CRITICAL_RULES,"",true,BLOCKED,"Rules exist but lack high-severity pose-defining constraints (2 low/medium-severity rules)"
81,lotus-padmasana,padmasana,"Lotus Pose",seated,seated,2,0,KNOWN_CRITICAL_RULES,"padmasana.spine.vertical | padmasana.hips.level",false,LOW,"Hand-authored pose-defining critical rules (NOW ACTIVE)"
82,low-push-up-chaturanga-dandasana,chaturanga-dandasana,"Four-Limbed Staff Pose",core,plank,2,1,KNOWN_CRITICAL_RULES,"chaturanga.elbows.90 | chaturanga.body.line",false,LOW,"Hand-authored pose-defining critical rules (NOW ACTIVE)"
83,lunge-runner,lunge-runner,"Lunge Runner",standing,standing,3,0,low-severity-NO_CRITICAL_RULES,"",true,BLOCKED,"Rules exist but lack high-severity pose-defining constraints (3 low/medium-severity rules)"
84,moon-bird-eka-pada-shirshasana-c,moon-bird-eka-pada-shirshasana-c,"Moon Bird",standing,standing,3,0,low-severity-NO_CRITICAL_RULES,"",true,BLOCKED,"Rules exist but lack high-severity pose-defining constraints (3 low/medium-severity rules)"
85,mountain-tadasana,tadasana,"Mountain Pose",standing,standing,0,0,KNOWN_CRITICAL_RULES,"mountain.spine.vertical | mountain.shoulders.level",false,LOW,"Hand-authored pose-defining critical rules (NOW ACTIVE)"
86,noose-pashasana,noose-pashasana,"Noose",standing,standing,3,0,low-severity-NO_CRITICAL_RULES,"",true,BLOCKED,"Rules exist but lack high-severity pose-defining constraints (3 low/medium-severity rules)"
87,one-leg-behind-the-head-i-eka-pada-shirshasana-a,one-leg-behind-the-head-i-eka-pada-shirshasana-a,"One Leg Behind The Head I",standing,standing,3,0,low-severity-NO_CRITICAL_RULES,"",true,BLOCKED,"Rules exist but lack high-severity pose-defining constraints (3 low/medium-severity rules)"
88,one-leg-behind-the-head-ii-eka-pada-shirshasana-b,one-leg-behind-the-head-ii-eka-pada-shirshasana-b,"One Leg Behind The Head II",standing,standing,3,0,low-severity-NO_CRITICAL_RULES,"",true,BLOCKED,"Rules exist but lack high-severity pose-defining constraints (3 low/medium-severity rules)"
89,peacock-mayurasana,peacock-mayurasana,"Peacock Pose",balancing,arm_balance,2,1,auto-high-severity-fallback,"peacock-mayurasana.standing.leg",false,LOW,"Auto-extracted high-severity angle rules provide some pose identity"
90,pendant-lolasana,pendant-lolasana,"Pendant",standing,arm_balance,3,0,low-severity-NO_CRITICAL_RULES,"",true,BLOCKED,"Rules exist but lack high-severity pose-defining constraints (3 low/medium-severity rules)"
91,pigeon-kapotasana,pigeon-kapotasana,"Pigeon Pose",backbend,standing,2,0,low-severity-NO_CRITICAL_RULES,"",true,BLOCKED,"Rules exist but lack high-severity pose-defining constraints (2 low/medium-severity rules)"
92,plank-phalakasana,plank-phalakasana,"Plank Pose",core,plank,2,1,auto-high-severity-fallback,"plank-phalakasana.core.alignment",false,LOW,"Auto-extracted high-severity angle rules provide some pose identity"
93,plow-halasana,plow-halasana,"Plow Pose",inversion,inverted,2,2,auto-high-severity-fallback,"plow-halasana.inversion.line | plow-halasana.shoulder.base",false,MEDIUM,"High-severity but generic metrics (alignment) - not pose-specific"
94,pyramid-parshvottanasana,pyramid-parshvottanasana,"Pyramid Pose",standing,standing,3,0,low-severity-NO_CRITICAL_RULES,"",true,BLOCKED,"Rules exist but lack high-severity pose-defining constraints (3 low/medium-severity rules)"
95,rabbit-shashankasana,rabbit-shashankasana,"Rabbit Pose",restorative,standing,1,0,low-severity-NO_CRITICAL_RULES,"",true,BLOCKED,"Rules exist but lack high-severity pose-defining constraints (1 low/medium-severity rules)"
96,reclined-bound-angle-supta-baddha-konasana,reclined-bound-angle-supta-baddha-konasana,"Reclining Bound Angle",restorative,supine,1,0,low-severity-NO_CRITICAL_RULES,"",true,BLOCKED,"Rules exist but lack high-severity pose-defining constraints (1 low/medium-severity rules)"
97,reverse-corpse-advasana,reverse-corpse-advasana,"Reverse Corpse",restorative,supine,1,0,low-severity-NO_CRITICAL_RULES,"",true,BLOCKED,"Rules exist but lack high-severity pose-defining constraints (1 low/medium-severity rules)"
98,revolved-bird-of-paradise-parivritta-svarga-dvijasana,revolved-bird-of-paradise-parivritta-svarga-dvijasana,"Revolved Bird Of Paradise",balancing,standing,2,1,auto-high-severity-fallback,"revolved-bird-of-paradise-parivritta-svarga-dvijasana.standing.leg",false,LOW,"Auto-extracted high-severity angle rules provide some pose identity"
99,revolved-chair-parivrtta-utkatasana,revolved-chair-parivrtta-utkatasana,"Revolved Chair",standing,standing,3,0,low-severity-NO_CRITICAL_RULES,"",true,BLOCKED,"Rules exist but lack high-severity pose-defining constraints (3 low/medium-severity rules)"
100,revolved-flying-man-parivritta-eka-pada-koundinyasana,revolved-flying-man-parivritta-eka-pada-koundinyasana,"Revolved Flying Man",balancing,arm_balance,2,1,auto-high-severity-fallback,"revolved-flying-man-parivritta-eka-pada-koundinyasana.standing.leg",false,LOW,"Auto-extracted high-severity angle rules provide some pose identity"
101,revolved-half-moon-parivritta-ardha-chandrasana,revolved-half-moon-parivritta-ardha-chandrasana,"Revolved Half Moon",balancing,standing,2,1,auto-high-severity-fallback,"revolved-half-moon-parivritta-ardha-chandrasana.standing.leg",false,LOW,"Auto-extracted high-severity angle rules provide some pose identity"
102,revolved-seated-hand-to-big-toe-upavishta-parivritta-hasta-padangushthasana,revolved-seated-hand-to-big-toe-upavishta-parivritta-hasta-padangushthasana,"Revolved Seated Hand To Big Toe",seated,seated,2,0,low-severity-NO_CRITICAL_RULES,"",true,BLOCKED,"Rules exist but lack high-severity pose-defining constraints (2 low/medium-severity rules)"
103,revolved-standing-hand-to-big-toe-parivritta-hasta-padangushthasana,revolved-standing-hand-to-big-toe-parivritta-hasta-padangushthasana,"Revolved Standing Hand To Big Toe",standing,standing,3,0,low-severity-NO_CRITICAL_RULES,"",true,BLOCKED,"Rules exist but lack high-severity pose-defining constraints (3 low/medium-severity rules)"
104,revolved-triangle-parivritta-trikonasana,revolved-triangle-parivritta-trikonasana,"Revolved Triangle Pose",standing,standing,3,0,low-severity-NO_CRITICAL_RULES,"",true,BLOCKED,"Rules exist but lack high-severity pose-defining constraints (3 low/medium-severity rules)"
105,rock-the-baby,rock-the-baby,"Rock The Baby",standing,standing,3,0,low-severity-NO_CRITICAL_RULES,"",true,BLOCKED,"Rules exist but lack high-severity pose-defining constraints (3 low/medium-severity rules)"
106,rooster-kukkutasana,rooster-kukkutasana,"Rooster",standing,standing,3,0,low-severity-NO_CRITICAL_RULES,"",true,BLOCKED,"Rules exist but lack high-severity pose-defining constraints (3 low/medium-severity rules)"
107,sage-bharadvajas-twist-bharadvajasana,sage-bharadvajas-twist-bharadvajasana,"Sage Bharadvaja's Twist",standing,standing,3,0,low-severity-NO_CRITICAL_RULES,"",true,BLOCKED,"Rules exist but lack high-severity pose-defining constraints (3 low/medium-severity rules)"
108,sage-gherandas-gherandasana,sage-gherandas-gherandasana,"Sage Gheranda's",standing,standing,3,0,low-severity-NO_CRITICAL_RULES,"",true,BLOCKED,"Rules exist but lack high-severity pose-defining constraints (3 low/medium-severity rules)"
109,sage-marichis-i-marichyasana-a,sage-marichis-i-marichyasana-a,"Sage Marichi's I",standing,seated,3,0,low-severity-NO_CRITICAL_RULES,"",true,BLOCKED,"Rules exist but lack high-severity pose-defining constraints (3 low/medium-severity rules)"
110,sage-marichis-ii-marichyasana-b,sage-marichis-ii-marichyasana-b,"Sage Marichi's II",standing,seated,3,0,low-severity-NO_CRITICAL_RULES,"",true,BLOCKED,"Rules exist but lack high-severity pose-defining constraints (3 low/medium-severity rules)"
111,sage-marichis-iii-marichyasana-c,sage-marichis-iii-marichyasana-c,"Sage Marichi's III",standing,seated,3,0,low-severity-NO_CRITICAL_RULES,"",true,BLOCKED,"Rules exist but lack high-severity pose-defining constraints (3 low/medium-severity rules)"
112,sage-marichis-iv-marichyasana-d,sage-marichis-iv-marichyasana-d,"Sage Marichi's Iv",standing,seated,3,0,low-severity-NO_CRITICAL_RULES,"",true,BLOCKED,"Rules exist but lack high-severity pose-defining constraints (3 low/medium-severity rules)"
113,sage-visvamitras-vishvamitrasana,sage-visvamitras-vishvamitrasana,"Sage Visvamitra's",standing,standing,3,0,low-severity-NO_CRITICAL_RULES,"",true,BLOCKED,"Rules exist but lack high-severity pose-defining constraints (3 low/medium-severity rules)"
114,scale-tolasana,scale-tolasana,"Scale Pose",balancing,arm_balance,2,1,auto-high-severity-fallback,"scale-tolasana.standing.leg",false,LOW,"Auto-extracted high-severity angle rules provide some pose identity"
115,scorpion-vrischikasana-a,scorpion-vrischikasana-a,"Scorpion",standing,inverted,3,0,low-severity-NO_CRITICAL_RULES,"",true,BLOCKED,"Rules exist but lack high-severity pose-defining constraints (3 low/medium-severity rules)"
116,seated-forward-fold-paschimottanasana,seated-forward-fold-paschimottanasana,"Seated Forward Fold",seated,seated,2,0,low-severity-NO_CRITICAL_RULES,"",true,BLOCKED,"Rules exist but lack high-severity pose-defining constraints (2 low/medium-severity rules)"
117,seated-gate-parighasana,seated-gate-parighasana,"Seated Gate",seated,seated,2,0,low-severity-NO_CRITICAL_RULES,"",true,BLOCKED,"Rules exist but lack high-severity pose-defining constraints (2 low/medium-severity rules)"
118,seated-half-bound-lotus-forward-bend-ardha-baddha-padma-paschimottanasana,seated-half-bound-lotus-forward-bend-ardha-baddha-padma-paschimottanasana,"Seated Half Bound Lotus Forward Bend Ardha Baddha Padma",seated,seated,2,0,low-severity-NO_CRITICAL_RULES,"",true,BLOCKED,"Rules exist but lack high-severity pose-defining constraints (2 low/medium-severity rules)"
119,seated-three-limbed-forward-bend-trianga-mukha-eka-pada-paschimottanasana,seated-three-limbed-forward-bend-trianga-mukha-eka-pada-paschimottanasana,"Seated Three Limbed Forward Bend",seated,seated,2,0,low-severity-NO_CRITICAL_RULES,"",true,BLOCKED,"Rules exist but lack high-severity pose-defining constraints (2 low/medium-severity rules)"
120,seated-twist-ardha-matsyendrasana,seated-twist-ardha-matsyendrasana,"Seated Twist",seated,seated,2,0,low-severity-NO_CRITICAL_RULES,"",true,BLOCKED,"Rules exist but lack high-severity pose-defining constraints (2 low/medium-severity rules)"
121,shiva-squat,shiva-squat,"Shiva Squat",standing,standing,3,0,low-severity-NO_CRITICAL_RULES,"",true,BLOCKED,"Rules exist but lack high-severity pose-defining constraints (3 low/medium-severity rules)"
122,shoelace,shoelace,"Shoelace",seated,seated,2,0,low-severity-NO_CRITICAL_RULES,"",true,BLOCKED,"Rules exist but lack high-severity pose-defining constraints (2 low/medium-severity rules)"
123,shoulder-pressing-bhuja-pidasana,shoulder-pressing-bhuja-pidasana,"Shoulder Pressing Bhuja",standing,arm_balance,3,0,low-severity-NO_CRITICAL_RULES,"",true,BLOCKED,"Rules exist but lack high-severity pose-defining constraints (3 low/medium-severity rules)"
124,shoulder-stand-with-lotus-legs-urdhva-padmasana,shoulder-stand-with-lotus-legs-urdhva-padmasana,"Shoulder Stand With Lotus Legs Urdhva",seated,seated,2,0,low-severity-NO_CRITICAL_RULES,"",true,BLOCKED,"Rules exist but lack high-severity pose-defining constraints (2 low/medium-severity rules)"
125,shoulderstand-sarvangasana,shoulderstand-sarvangasana,"Shoulderstand",inversion,inverted,2,2,auto-high-severity-fallback,"shoulderstand-sarvangasana.inversion.line | shoulderstand-sarvangasana.shoulder.base",false,MEDIUM,"High-severity but generic metrics (alignment) - not pose-specific"
126,side-crow-parsva-bakasana,side-crow-parsva-bakasana,"Side Crow Pose",balancing,arm_balance,2,1,auto-high-severity-fallback,"side-crow-parsva-bakasana.standing.leg",false,LOW,"Auto-extracted high-severity angle rules provide some pose identity"
127,side-lunge-skandasana,side-lunge-skandasana,"Side Lunge",standing,standing,3,0,low-severity-NO_CRITICAL_RULES,"",true,BLOCKED,"Rules exist but lack high-severity pose-defining constraints (3 low/medium-severity rules)"
128,side-plank-vasishthasana,side-plank-vasishthasana,"Side Plank Pose",core,plank,2,1,auto-high-severity-fallback,"side-plank-vasishthasana.core.alignment",false,LOW,"Auto-extracted high-severity angle rules provide some pose identity"
129,sleeping-yogi-yoga-nidrasana,sleeping-yogi-yoga-nidrasana,"Sleeping Yogi Yoga",standing,standing,3,0,low-severity-NO_CRITICAL_RULES,"",true,BLOCKED,"Rules exist but lack high-severity pose-defining constraints (3 low/medium-severity rules)"
130,snake-sarpasana,snake-sarpasana,"Snake",standing,standing,3,0,low-severity-NO_CRITICAL_RULES,"",true,BLOCKED,"Rules exist but lack high-severity pose-defining constraints (3 low/medium-severity rules)"
131,sphinx-salamba-bhujangasana,bhujangasana,"Sphinx Pose",backbend,prone,2,0,KNOWN_CRITICAL_RULES,"bhujangasana.chest.lift | bhujangasana.elbows.tuck",false,LOW,"Hand-authored pose-defining critical rules (NOW ACTIVE)"
132,staff-dandasana,staff-dandasana,"Staff Pose",seated,seated,2,0,low-severity-NO_CRITICAL_RULES,"",true,BLOCKED,"Rules exist but lack high-severity pose-defining constraints (2 low/medium-severity rules)"
133,standing-bow-dandayamana-dhanurasana,standing-bow-dandayamana-dhanurasana,"Standing Bow",backbend,prone,2,0,low-severity-NO_CRITICAL_RULES,"",true,BLOCKED,"Rules exist but lack high-severity pose-defining constraints (2 low/medium-severity rules)"
134,standing-foot-to-head-trivikramasana-a,standing-foot-to-head-trivikramasana-a,"Standing Foot To Head",standing,standing,3,0,low-severity-NO_CRITICAL_RULES,"",true,BLOCKED,"Rules exist but lack high-severity pose-defining constraints (3 low/medium-severity rules)"
135,standing-forward-bend-uttanasana,standing-forward-bend-uttanasana,"Standing Forward Bend",standing,bending,3,0,low-severity-NO_CRITICAL_RULES,"",true,BLOCKED,"Rules exist but lack high-severity pose-defining constraints (3 low/medium-severity rules)"
136,standing-half-bound-lotus-forward-bend-ardha-baddha-padmottanasana,standing-half-bound-lotus-forward-bend-ardha-baddha-padmottanasana,"Standing Half Bound Lotus Forward Bend",seated,seated,2,0,low-severity-NO_CRITICAL_RULES,"",true,BLOCKED,"Rules exist but lack high-severity pose-defining constraints (2 low/medium-severity rules)"
137,standing-hand-to-big-toe-utthita-hasta-padangushthasana-a,standing-hand-to-big-toe-utthita-hasta-padangushthasana-a,"Standing Hand To Big Toe Utthita",standing,standing,3,0,low-severity-NO_CRITICAL_RULES,"",true,BLOCKED,"Rules exist but lack high-severity pose-defining constraints (3 low/medium-severity rules)"
138,standing-leg-behind-head-durvasasana,standing-leg-behind-head-durvasasana,"Standing Leg Behind Head",standing,standing,3,0,low-severity-NO_CRITICAL_RULES,"",true,BLOCKED,"Rules exist but lack high-severity pose-defining constraints (3 low/medium-severity rules)"
139,standing-leg-behind-head-forward-bend-richikasana,standing-leg-behind-head-forward-bend-richikasana,"Standing Leg Behind Head Forward Bend",forward_bend,bending,1,0,low-severity-NO_CRITICAL_RULES,"",true,BLOCKED,"Rules exist but lack high-severity pose-defining constraints (1 low/medium-severity rules)"
140,standing-splits-urdhva-prasarita-eka-padasana,standing-splits-urdhva-prasarita-eka-padasana,"Standing Splits Urdhva",forward_bend,bending,1,0,low-severity-NO_CRITICAL_RULES,"",true,BLOCKED,"Rules exist but lack high-severity pose-defining constraints (1 low/medium-severity rules)"
141,star-utthita-tadasana,star-utthita-tadasana,"Star Utthita",standing,standing,3,0,low-severity-NO_CRITICAL_RULES,"",true,BLOCKED,"Rules exist but lack high-severity pose-defining constraints (3 low/medium-severity rules)"
142,supine-angle-supta-konasana,supine-angle-supta-konasana,"Supine Angle",restorative,supine,1,0,low-severity-NO_CRITICAL_RULES,"",true,BLOCKED,"Rules exist but lack high-severity pose-defining constraints (1 low/medium-severity rules)"
143,supine-foot-to-head-supta-trivikramasana,supine-foot-to-head-supta-trivikramasana,"Supine Foot To Head",restorative,supine,1,0,low-severity-NO_CRITICAL_RULES,"",true,BLOCKED,"Rules exist but lack high-severity pose-defining constraints (1 low/medium-severity rules)"
144,supine-hand-to-big-toe-supta-padangushthasana-a,supine-hand-to-big-toe-supta-padangushthasana-a,"Supine Hand To Big Toe",restorative,supine,1,0,low-severity-NO_CRITICAL_RULES,"",true,BLOCKED,"Rules exist but lack high-severity pose-defining constraints (1 low/medium-severity rules)"
145,supine-straddle-supta-samakonasana,supine-straddle-supta-samakonasana,"Supine Straddle",restorative,supine,1,0,low-severity-NO_CRITICAL_RULES,"",true,BLOCKED,"Rules exist but lack high-severity pose-defining constraints (1 low/medium-severity rules)"
146,supine-twist-supta-matsyendrasana,supine-twist-supta-matsyendrasana,"Supine Twist",restorative,supine,1,0,low-severity-NO_CRITICAL_RULES,"",true,BLOCKED,"Rules exist but lack high-severity pose-defining constraints (1 low/medium-severity rules)"
147,thunderbolt-vajrasana,thunderbolt-vajrasana,"Thunderbolt Pose",seated,seated,2,0,low-severity-NO_CRITICAL_RULES,"",true,BLOCKED,"Rules exist but lack high-severity pose-defining constraints (2 low/medium-severity rules)"
148,tiger-vyaghrasana,tiger-vyaghrasana,"Tiger",standing,standing,3,0,low-severity-NO_CRITICAL_RULES,"",true,BLOCKED,"Rules exist but lack high-severity pose-defining constraints (3 low/medium-severity rules)"
149,toe-stand-padangushthasana,toe-stand-padangushthasana,"Toe Stand",standing,standing,3,0,low-severity-NO_CRITICAL_RULES,"",true,BLOCKED,"Rules exist but lack high-severity pose-defining constraints (3 low/medium-severity rules)"
150,tortoise-kurmasana,tortoise-kurmasana,"Tortoise",standing,standing,3,0,low-severity-NO_CRITICAL_RULES,"",true,BLOCKED,"Rules exist but lack high-severity pose-defining constraints (3 low/medium-severity rules)"
151,tree-vrksasana,vrksasana,"Tree Pose",balancing,standing,0,0,KNOWN_CRITICAL_RULES,"tree.bent_knee.abduction | tree.standing_leg.straight",false,LOW,"Hand-authored pose-defining critical rules (NOW ACTIVE)"
152,triangle-trikonasana,triangle-trikonasana,"Triangle Pose",standing,standing,3,0,low-severity-NO_CRITICAL_RULES,"",true,BLOCKED,"Rules exist but lack high-severity pose-defining constraints (3 low/medium-severity rules)"
153,tripod-headstand-mukta-hasta-shirshasana-a,tripod-headstand-mukta-hasta-shirshasana-a,"Tripod Headstand",inversion,inverted,2,2,auto-high-severity-fallback,"tripod-headstand-mukta-hasta-shirshasana-a.inversion.line | tripod-headstand-mukta-hasta-shirshasana-a.shoulder.base",false,MEDIUM,"High-severity but generic metrics (alignment) - not pose-specific"
154,two-legs-behind-the-head-i-dvi-pada-shirshasana-a,two-legs-behind-the-head-i-dvi-pada-shirshasana-a,"Two Legs Behind The Head I",standing,standing,3,0,low-severity-NO_CRITICAL_RULES,"",true,BLOCKED,"Rules exist but lack high-severity pose-defining constraints (3 low/medium-severity rules)"
155,two-legs-behind-the-head-ii-dvi-pada-shirshasana-b,two-legs-behind-the-head-ii-dvi-pada-shirshasana-b,"Two Legs Behind The Head II",standing,standing,3,0,low-severity-NO_CRITICAL_RULES,"",true,BLOCKED,"Rules exist but lack high-severity pose-defining constraints (3 low/medium-severity rules)"
156,upward-facing-dog-urdhva-mukha-shvanasana,upward-facing-dog-urdhva-mukha-shvanasana,"Upward-Facing Dog",backbend,standing,2,0,low-severity-NO_CRITICAL_RULES,"",true,BLOCKED,"Rules exist but lack high-severity pose-defining constraints (2 low/medium-severity rules)"
157,upward-plank-purvottanasana,upward-plank-purvottanasana,"Upward Plank Pose",core,plank,2,1,auto-high-severity-fallback,"upward-plank-purvottanasana.core.alignment",false,LOW,"Auto-extracted high-severity angle rules provide some pose identity"
158,warrior-i-virabhadrasana-a,warrior-i-virabhadrasana-a,"Warrior I",standing,standing,3,0,low-severity-NO_CRITICAL_RULES,"",true,BLOCKED,"Rules exist but lack high-severity pose-defining constraints (3 low/medium-severity rules)"
159,warrior-ii-virabhadrasana-ii,warrior-ii,"Warrior II",standing,standing,0,0,KNOWN_CRITICAL_RULES,"warrior-ii-left-knee-angle",false,LOW,"Hand-authored pose-defining critical rules (NOW ACTIVE)"
160,warrior-iii-virabhadrasana-c,warrior-iii-virabhadrasana-c,"Warrior III",balancing,standing,2,1,auto-high-severity-fallback,"warrior-iii-virabhadrasana-c.standing.leg",false,LOW,"Auto-extracted high-severity angle rules provide some pose identity"
161,waterfall-supta-dandasana,waterfall-supta-dandasana,"Waterfall",standing,supine,3,0,low-severity-NO_CRITICAL_RULES,"",true,BLOCKED,"Rules exist but lack high-severity pose-defining constraints (3 low/medium-severity rules)"
162,wheel-urdhva-dhanurasana,wheel-urdhva-dhanurasana,"Wheel Pose",backbend,supine,2,0,low-severity-NO_CRITICAL_RULES,"",true,BLOCKED,"Rules exist but lack high-severity pose-defining constraints (2 low/medium-severity rules)"
163,wide-angle-seated-forward-bend-upavistha-konasana,wide-angle-seated-forward-bend-upavistha-konasana,"Wide Angle Seated Forward Bend Upavistha",seated,seated,2,0,low-severity-NO_CRITICAL_RULES,"",true,BLOCKED,"Rules exist but lack high-severity pose-defining constraints (2 low/medium-severity rules)"
164,wide-legged-forward-bend-i-prasarita-padottanasana-a,wide-legged-forward-bend-i-prasarita-padottanasana-a,"Wide Legged Forward Bend I",forward_bend,bending,1,0,low-severity-NO_CRITICAL_RULES,"",true,BLOCKED,"Rules exist but lack high-severity pose-defining constraints (1 low/medium-severity rules)"
165,wide-legged-forward-bend-ii-prasarita-padottanasana-b,wide-legged-forward-bend-ii-prasarita-padottanasana-b,"Wide Legged Forward Bend II",forward_bend,bending,1,0,low-severity-NO_CRITICAL_RULES,"",true,BLOCKED,"Rules exist but lack high-severity pose-defining constraints (1 low/medium-severity rules)"
166,wide-legged-forward-bend-iii-prasarita-padottanasana-c,wide-legged-forward-bend-iii-prasarita-padottanasana-c,"Wide Legged Forward Bend III",forward_bend,bending,1,0,low-severity-NO_CRITICAL_RULES,"",true,BLOCKED,"Rules exist but lack high-severity pose-defining constraints (1 low/medium-severity rules)"
167,wide-legged-forward-bend-iv-prasarita-padottanasana-d,wide-legged-forward-bend-iv-prasarita-padottanasana-d,"Wide Legged Forward Bend Iv",forward_bend,bending,1,0,low-severity-NO_CRITICAL_RULES,"",true,BLOCKED,"Rules exist but lack high-severity pose-defining constraints (1 low/medium-severity rules)"
168,wide-splits-samakonasana,wide-splits-samakonasana,"Wide Splits",standing,standing,3,0,low-severity-NO_CRITICAL_RULES,"",true,BLOCKED,"Rules exist but lack high-severity pose-defining constraints (3 low/medium-severity rules)"
169,wild-thing-chamatkarasana,wild-thing-chamatkarasana,"Wild Thing",backbend,standing,2,0,low-severity-NO_CRITICAL_RULES,"",true,BLOCKED,"Rules exist but lack high-severity pose-defining constraints (2 low/medium-severity rules)"
170,wind-removing-pavanamuktasana,wind-removing-pavanamuktasana,"Wind-Relieving Pose",restorative,standing,1,0,low-severity-NO_CRITICAL_RULES,"",true,BLOCKED,"Rules exist but lack high-severity pose-defining constraints (1 low/medium-severity rules)"