Order,AsanaID,AsanaName,Category,Difficulty,Stance,TotalRules,HighSev,MedSev,LowSev,OnlyGenericMetrics,CriticalRuleSource,CriticalRuleIDs,RequiresRefinement,FalsePositiveRisk,RiskReason
1,archers-akarna-dhanurasana,"Archer's Pose",seated,intermediate,seated,2,0,1,1,true,low-severity-first-rule-fallback,"archers-akarna-dhanurasana.spine.erect",true,MEDIUM-HIGH,"Only generic alignment rules - similar stances may pass gate"
2,banana-supta-nitambasana,"Banana Pose",restorative,beginner,supine,1,0,0,1,true,low-severity-first-rule-fallback,"banana-supta-nitambasana.body.symmetry",true,MEDIUM-HIGH,"Only generic alignment rules - similar stances may pass gate"
3,big-toe-padangushthasana,"Big Toe Pose",standing,beginner,standing,3,0,3,0,true,low-severity-first-rule-fallback,"big-toe-padangushthasana.shoulder.level",true,HIGH,"Only generic alignment rules, standing stance - any upright pose may pass"
4,bird-of-paradise-svarga-dvijasana,"Bird of Paradise",balancing,advanced,standing,2,1,1,0,false,auto-high-severity-fallback,"bird-of-paradise-svarga-dvijasana.standing.leg",false,LOW,"Auto-extracted high-severity rules provide some pose identity"
5,boat-navasana,"Boat Pose",core,intermediate,seated,2,1,1,0,false,auto-high-severity-fallback,"boat-navasana.core.alignment",false,LOW,"Auto-extracted high-severity rules provide some pose identity"
6,bound-angle-baddha-konasana,"Bound Angle Pose",seated,beginner,seated,2,0,1,1,true,low-severity-first-rule-fallback,"bound-angle-baddha-konasana.spine.erect",true,MEDIUM-HIGH,"Only generic alignment rules - similar stances may pass gate"
7,bow-dhanurasana,"Bow Pose",backbend,intermediate,prone,2,0,2,0,false,low-severity-first-rule-fallback,"bow-dhanurasana.chest.opening",true,MEDIUM,"Low-severity fallback rule, no pose-defining constraint enforced"
8,box-chakravakasana,"Box Pose",restorative,beginner,all_fours,1,0,0,1,true,low-severity-first-rule-fallback,"box-chakravakasana.body.symmetry",true,MEDIUM-HIGH,"Only generic alignment rules - similar stances may pass gate"
9,bridge-setu-bandha-sarvangasana,"Bridge Pose",backbend,beginner,inverted,2,0,2,0,false,low-severity-first-rule-fallback,"bridge-setu-bandha-sarvangasana.chest.opening",true,MEDIUM,"Low-severity fallback rule, no pose-defining constraint enforced"
10,butterfly,"Butterfly Pose",seated,beginner,seated,2,0,1,1,true,low-severity-first-rule-fallback,"butterfly.spine.erect",true,MEDIUM-HIGH,"Only generic alignment rules - similar stances may pass gate"
11,camel-ustrasana,"Camel Pose",backbend,intermediate,kneeling,2,0,2,0,false,low-severity-first-rule-fallback,"camel-ustrasana.chest.opening",true,MEDIUM,"Low-severity fallback rule, no pose-defining constraint enforced"
12,cat-marjariasana,"Cat Pose",restorative,beginner,all_fours,1,0,0,1,true,low-severity-first-rule-fallback,"cat-marjariasana.body.symmetry",true,MEDIUM-HIGH,"Only generic alignment rules - similar stances may pass gate"
13,caterpillar,"Caterpillar Pose",restorative,beginner,all_fours,1,0,0,1,true,low-severity-first-rule-fallback,"caterpillar.body.symmetry",true,MEDIUM-HIGH,"Only generic alignment rules - similar stances may pass gate"
14,chair-utkatasana,"Chair Pose",standing,beginner,standing,3,0,3,0,true,low-severity-first-rule-fallback,"chair-utkatasana.shoulder.level",true,HIGH,"Only generic alignment rules, standing stance - any upright pose may pass"
15,childs-pose-balasana,"Child's Pose",restorative,beginner,kneeling,0,0,0,0,false,NO_RULES,"",true,CRITICAL,"No rules at all - gate relies only on stance+accuracy+confidence"
16,chin-stand-ganda-bherundasana,"Chin Stand",inversion,advanced,inverted,2,2,0,0,true,auto-high-severity-fallback,"chin-stand-ganda-bherundasana.inversion.line | chin-stand-ganda-bherundasana.shoulder.base",false,MEDIUM,"High-severity but generic metrics (alignment) - not pose-specific"
17,cobra-bhujangasana,"Cobra Pose",backbend,beginner,prone,0,0,0,0,false,NO_RULES,"",true,CRITICAL,"No rules at all - gate relies only on stance+accuracy+confidence"
18,corpse-savasana,"Corpse Pose",restorative,beginner,supine,1,0,0,1,true,low-severity-first-rule-fallback,"corpse-savasana.body.symmetry",true,MEDIUM-HIGH,"Only generic alignment rules - similar stances may pass gate"
19,cow-bitilasana,"Cow Pose",restorative,beginner,all_fours,1,0,0,1,true,low-severity-first-rule-fallback,"cow-bitilasana.body.symmetry",true,MEDIUM-HIGH,"Only generic alignment rules - similar stances may pass gate"
20,cow-face-gomukhasana,"Cow Face Pose",seated,intermediate,seated,2,0,1,1,true,low-severity-first-rule-fallback,"cow-face-gomukhasana.spine.erect",true,MEDIUM-HIGH,"Only generic alignment rules - similar stances may pass gate"
21,crane-bakasana,"Crane Pose",balancing,advanced,arm_balance,2,1,1,0,false,auto-high-severity-fallback,"crane-bakasana.standing.leg",false,LOW,"Auto-extracted high-severity rules provide some pose identity"
22,crescent-lunge-ashta-chandrasana,"Crescent Lunge",standing,intermediate,standing,3,0,3,0,true,low-severity-first-rule-fallback,"crescent-lunge-ashta-chandrasana.shoulder.level",true,HIGH,"Only generic alignment rules, standing stance - any upright pose may pass"
23,crescent-lunge-on-knee-anjaneyasana,"Low Lunge",standing,beginner,standing,3,0,3,0,true,low-severity-first-rule-fallback,"crescent-lunge-on-knee-anjaneyasana.shoulder.level",true,HIGH,"Only generic alignment rules, standing stance - any upright pose may pass"
24,crescent-moon-ardha-chandrasana,"Crescent Moon Pose",balancing,intermediate,standing,2,1,1,0,false,auto-high-severity-fallback,"crescent-moon-ardha-chandrasana.standing.leg",false,LOW,"Auto-extracted high-severity rules provide some pose identity"
25,crooked-monkey,"Crooked Monkey",seated,intermediate,seated,2,0,1,1,true,low-severity-first-rule-fallback,"crooked-monkey.spine.erect",true,MEDIUM-HIGH,"Only generic alignment rules - similar stances may pass gate"
26,crow-kakasana,"Crow Pose",balancing,intermediate,arm_balance,2,1,1,0,false,auto-high-severity-fallback,"crow-kakasana.standing.leg",false,LOW,"Auto-extracted high-severity rules provide some pose identity"
27,dancer-natarajasana,"Dancer Pose",balancing,advanced,standing,2,1,1,0,false,auto-high-severity-fallback,"dancer-natarajasana.standing.leg",false,LOW,"Auto-extracted high-severity rules provide some pose identity"
28,deaf-mans-karna-pidasana,"Deaf Man's Pose",inversion,advanced,inverted,2,2,0,0,true,auto-high-severity-fallback,"deaf-mans-karna-pidasana.inversion.line | deaf-mans-karna-pidasana.shoulder.base",false,MEDIUM,"High-severity but generic metrics (alignment) - not pose-specific"
29,dolphin-shishumarasana,"Dolphin Pose",inversion,intermediate,inverted,2,2,0,0,true,auto-high-severity-fallback,"dolphin-shishumarasana.inversion.line | dolphin-shishumarasana.shoulder.base",false,MEDIUM,"High-severity but generic metrics (alignment) - not pose-specific"
30,downward-dog-adho-mukha-svanasana,"Downward-Facing Dog",standing,beginner,inverted,3,0,3,0,true,low-severity-first-rule-fallback,"downward-dog-adho-mukha-svanasana.shoulder.level",true,MEDIUM-HIGH,"Only generic alignment rules - similar stances may pass gate"
31,eagle-garudasana,"Eagle Pose",balancing,intermediate,standing,2,1,1,0,false,auto-high-severity-fallback,"eagle-garudasana.standing.leg",false,LOW,"Auto-extracted high-severity rules provide some pose identity"
32,easy-sukhasana,"Easy Pose",seated,beginner,seated,2,0,1,1,true,low-severity-first-rule-fallback,"easy-sukhasana.spine.erect",true,MEDIUM-HIGH,"Only generic alignment rules - similar stances may pass gate"
33,eight-angle-ashtavakrasana,"Eight-Angle Pose",balancing,advanced,arm_balance,2,1,1,0,false,auto-high-severity-fallback,"eight-angle-ashtavakrasana.standing.leg",false,LOW,"Auto-extracted high-severity rules provide some pose identity"
34,eight-point-ashtangasana,"Eight-Limbed Pose",core,beginner,standing,2,1,1,0,false,auto-high-severity-fallback,"eight-point-ashtangasana.core.alignment",false,LOW,"Auto-extracted high-severity rules provide some pose identity"
35,elbow-balance-shayanasana,"Elbow Balance",inversion,advanced,inverted,2,2,0,0,true,auto-high-severity-fallback,"elbow-balance-shayanasana.inversion.line | elbow-balance-shayanasana.shoulder.base",false,MEDIUM,"High-severity but generic metrics (alignment) - not pose-specific"
36,elephant-trunk-eka-hasta-bhujasana,"Elephant's Trunk Pose",balancing,advanced,standing,2,1,1,0,false,auto-high-severity-fallback,"elephant-trunk-eka-hasta-bhujasana.standing.leg",false,LOW,"Auto-extracted high-severity rules provide some pose identity"
37,embryo-in-womb-garbha-pindasana,"Embryo In Womb",standing,intermediate,standing,3,0,3,0,true,low-severity-first-rule-fallback,"embryo-in-womb-garbha-pindasana.shoulder.level",true,HIGH,"Only generic alignment rules, standing stance - any upright pose may pass"
38,embryo-pindasana,"Embryo",standing,intermediate,standing,3,0,3,0,true,low-severity-first-rule-fallback,"embryo-pindasana.shoulder.level",true,HIGH,"Only generic alignment rules, standing stance - any upright pose may pass"
39,extended-puppy-uttana-shishosana,"Extended Puppy Pose",restorative,beginner,standing,1,0,0,1,true,low-severity-first-rule-fallback,"extended-puppy-uttana-shishosana.body.symmetry",true,HIGH,"Only generic alignment rules, standing stance - any upright pose may pass"
40,extended-side-angle-utthita-parshvakonasana,"Extended Side Angle",standing,intermediate,standing,3,0,3,0,true,low-severity-first-rule-fallback,"extended-side-angle-utthita-parshvakonasana.shoulder.level",true,HIGH,"Only generic alignment rules, standing stance - any upright pose may pass"
41,extended-standing-hand-to-big-toe-utthita-hasta-padangushthasana-b,"Extended Standing Hand To Big Toe Utthita",standing,intermediate,standing,3,0,3,0,true,low-severity-first-rule-fallback,"extended-standing-hand-to-big-toe-utthita-hasta-padangushthasana-b.shoulder.level",true,HIGH,"Only generic alignment rules, standing stance - any upright pose may pass"
42,extended-supine-hand-to-big-toe-supta-padangushthasana-b,"Extended Supine Hand To Big Toe",restorative,intermediate,supine,1,0,0,1,true,low-severity-first-rule-fallback,"extended-supine-hand-to-big-toe-supta-padangushthasana-b.body.symmetry",true,MEDIUM-HIGH,"Only generic alignment rules - similar stances may pass gate"
43,fire-log-agnistambhasana,"Fire Log Pose",seated,intermediate,seated,2,0,1,1,true,low-severity-first-rule-fallback,"fire-log-agnistambhasana.spine.erect",true,MEDIUM-HIGH,"Only generic alignment rules - similar stances may pass gate"
44,firefly-i-tittibhasana-a,"Firefly I",standing,intermediate,arm_balance,3,0,3,0,true,low-severity-first-rule-fallback,"firefly-i-tittibhasana-a.shoulder.level",true,MEDIUM-HIGH,"Only generic alignment rules - similar stances may pass gate"
45,firefly-ii-tittibhasana-b,"Firefly II",standing,intermediate,arm_balance,3,0,3,0,true,low-severity-first-rule-fallback,"firefly-ii-tittibhasana-b.shoulder.level",true,MEDIUM-HIGH,"Only generic alignment rules - similar stances may pass gate"
46,firefly-iii-tittibhasana-c,"Firefly III",standing,intermediate,arm_balance,3,0,3,0,true,low-severity-first-rule-fallback,"firefly-iii-tittibhasana-c.shoulder.level",true,MEDIUM-HIGH,"Only generic alignment rules - similar stances may pass gate"
47,fish-matsyasana,"Fish Pose",backbend,beginner,supine,2,0,2,0,false,low-severity-first-rule-fallback,"fish-matsyasana.chest.opening",true,MEDIUM,"Low-severity fallback rule, no pose-defining constraint enforced"
48,floating-stick-brahmacharyasana,"Floating Stick",standing,intermediate,standing,3,0,3,0,true,low-severity-first-rule-fallback,"floating-stick-brahmacharyasana.shoulder.level",true,HIGH,"Only generic alignment rules, standing stance - any upright pose may pass"
49,flying-lizard,"Flying Lizard",balancing,advanced,arm_balance,2,1,1,0,false,auto-high-severity-fallback,"flying-lizard.standing.leg",false,LOW,"Auto-extracted high-severity rules provide some pose identity"
50,flying-man-eka-pada-koundinyasana,"Flying Man",balancing,advanced,arm_balance,2,1,1,0,false,auto-high-severity-fallback,"flying-man-eka-pada-koundinyasana.standing.leg",false,LOW,"Auto-extracted high-severity rules provide some pose identity"
51,flying-pigeon-eka-pada-galavasana,"Flying Pigeon",balancing,advanced,arm_balance,2,1,1,0,false,auto-high-severity-fallback,"flying-pigeon-eka-pada-galavasana.standing.leg",false,LOW,"Auto-extracted high-severity rules provide some pose identity"
52,forearm-balance-pincha-mayurasana,"Forearm Stand",inversion,advanced,arm_balance,2,2,0,0,true,auto-high-severity-fallback,"forearm-balance-pincha-mayurasana.inversion.line | forearm-balance-pincha-mayurasana.shoulder.base",false,MEDIUM,"High-severity but generic metrics (alignment) - not pose-specific"
53,frog-bhekasana,"Frog Pose",backbend,intermediate,standing,2,0,2,0,false,low-severity-first-rule-fallback,"frog-bhekasana.chest.opening",true,MEDIUM,"Low-severity fallback rule, no pose-defining constraint enforced"
54,front-splits-hanumanasana,"Front Splits",seated,advanced,seated,2,0,1,1,true,low-severity-first-rule-fallback,"front-splits-hanumanasana.spine.erect",true,MEDIUM-HIGH,"Only generic alignment rules - similar stances may pass gate"
55,garland-malasana,"Garland Pose",standing,beginner,standing,3,0,3,0,true,low-severity-first-rule-fallback,"garland-malasana.shoulder.level",true,HIGH,"Only generic alignment rules, standing stance - any upright pose may pass"
56,gate-parighasana,"Gate Pose",standing,beginner,kneeling,3,0,3,0,true,low-severity-first-rule-fallback,"gate-parighasana.shoulder.level",true,MEDIUM-HIGH,"Only generic alignment rules - similar stances may pass gate"
57,goddess-utkata-konasana,"Goddess Pose",standing,beginner,standing,3,0,3,0,true,low-severity-first-rule-fallback,"goddess-utkata-konasana.shoulder.level",true,HIGH,"Only generic alignment rules, standing stance - any upright pose may pass"
58,gorilla-pada-hastasana,"Gorilla",standing,intermediate,standing,3,0,3,0,true,low-severity-first-rule-fallback,"gorilla-pada-hastasana.shoulder.level",true,HIGH,"Only generic alignment rules, standing stance - any upright pose may pass"
59,grasshopper-maksikanagasana,"Grasshopper",standing,intermediate,standing,3,0,3,0,true,low-severity-first-rule-fallback,"grasshopper-maksikanagasana.shoulder.level",true,HIGH,"Only generic alignment rules, standing stance - any upright pose may pass"
60,half-bow-ardha-dhanurasana,"Half Bow",backbend,intermediate,prone,2,0,2,0,false,low-severity-first-rule-fallback,"half-bow-ardha-dhanurasana.chest.opening",true,MEDIUM,"Low-severity fallback rule, no pose-defining constraint enforced"
61,half-moon-ardha-chandrasana,"Half Moon Pose",balancing,intermediate,standing,2,1,1,0,false,auto-high-severity-fallback,"half-moon-ardha-chandrasana.standing.leg",false,LOW,"Auto-extracted high-severity rules provide some pose identity"
62,half-pigeon-ardha-kapotasana,"Half Pigeon Pose",seated,intermediate,seated,2,0,1,1,true,low-severity-first-rule-fallback,"half-pigeon-ardha-kapotasana.spine.erect",true,MEDIUM-HIGH,"Only generic alignment rules - similar stances may pass gate"
63,handstand-adho-mukha-vrksasana,"Handstand",inversion,advanced,inverted,2,2,0,0,true,auto-high-severity-fallback,"handstand-adho-mukha-vrksasana.inversion.line | handstand-adho-mukha-vrksasana.shoulder.base",false,MEDIUM,"High-severity but generic metrics (alignment) - not pose-specific"
64,happy-baby-ananda-balasana,"Happy Baby Pose",restorative,beginner,supine,1,0,0,1,true,low-severity-first-rule-fallback,"happy-baby-ananda-balasana.body.symmetry",true,MEDIUM-HIGH,"Only generic alignment rules - similar stances may pass gate"
65,head-to-knee-janu-sirsasana,"Head To Knee Janu",inversion,intermediate,inverted,2,2,0,0,true,auto-high-severity-fallback,"head-to-knee-janu-sirsasana.inversion.line | head-to-knee-janu-sirsasana.shoulder.base",false,MEDIUM,"High-severity but generic metrics (alignment) - not pose-specific"
66,headstand-sirsasana,"Headstand",inversion,advanced,inverted,2,2,0,0,true,auto-high-severity-fallback,"headstand-sirsasana.inversion.line | headstand-sirsasana.shoulder.base",false,MEDIUM,"High-severity but generic metrics (alignment) - not pose-specific"
67,hero-virasana,"Hero Pose",seated,beginner,seated,2,0,1,1,true,low-severity-first-rule-fallback,"hero-virasana.spine.erect",true,MEDIUM-HIGH,"Only generic alignment rules - similar stances may pass gate"
68,heron-kraunchasana,"Heron",seated,intermediate,seated,2,0,1,1,true,low-severity-first-rule-fallback,"heron-kraunchasana.spine.erect",true,MEDIUM-HIGH,"Only generic alignment rules - similar stances may pass gate"
69,himalayan-duck-karandavasana,"Himalayan Duck",standing,intermediate,standing,3,0,3,0,true,low-severity-first-rule-fallback,"himalayan-duck-karandavasana.shoulder.level",true,HIGH,"Only generic alignment rules, standing stance - any upright pose may pass"
70,horse-vatayanasana,"Horse",standing,intermediate,standing,3,0,3,0,true,low-severity-first-rule-fallback,"horse-vatayanasana.shoulder.level",true,HIGH,"Only generic alignment rules, standing stance - any upright pose may pass"
71,humble-flamingo,"Humble Flamingo",standing,intermediate,standing,3,0,3,0,true,low-severity-first-rule-fallback,"humble-flamingo.shoulder.level",true,HIGH,"Only generic alignment rules, standing stance - any upright pose may pass"
72,inverted-staff-dvi-pada-viparita-dandasana,"Inverted Staff Dvi Pada Viparita",seated,beginner,seated,2,0,1,1,true,low-severity-first-rule-fallback,"inverted-staff-dvi-pada-viparita-dandasana.spine.erect",true,MEDIUM-HIGH,"Only generic alignment rules - similar stances may pass gate"
73,king-pigeon-eka-pada-rajakapotasana,"King Pigeon Pose",backbend,advanced,standing,2,0,2,0,false,low-severity-first-rule-fallback,"king-pigeon-eka-pada-rajakapotasana.chest.opening",true,MEDIUM,"Low-severity fallback rule, no pose-defining constraint enforced"
74,legs-up-the-wall-viparita-karani,"Legs-Up-The-Wall Pose",restorative,beginner,inverted,1,0,0,1,true,low-severity-first-rule-fallback,"legs-up-the-wall-viparita-karani.body.symmetry",true,MEDIUM-HIGH,"Only generic alignment rules - similar stances may pass gate"
75,little-thunderbolt-laghu-vajrasana,"Little Thunderbolt",standing,intermediate,kneeling,3,0,3,0,true,low-severity-first-rule-fallback,"little-thunderbolt-laghu-vajrasana.shoulder.level",true,MEDIUM-HIGH,"Only generic alignment rules - similar stances may pass gate"
76,lizard-uttana-pristhasana,"Lizard Pose",standing,intermediate,standing,3,0,3,0,true,low-severity-first-rule-fallback,"lizard-uttana-pristhasana.shoulder.level",true,HIGH,"Only generic alignment rules, standing stance - any upright pose may pass"
77,locust-i-shalabhasana-a,"Locust I",backbend,intermediate,prone,2,0,2,0,false,low-severity-first-rule-fallback,"locust-i-shalabhasana-a.chest.opening",true,MEDIUM,"Low-severity fallback rule, no pose-defining constraint enforced"
78,locust-ii-shalabhasana-b,"Locust II",backbend,intermediate,prone,2,0,2,0,false,low-severity-first-rule-fallback,"locust-ii-shalabhasana-b.chest.opening",true,MEDIUM,"Low-severity fallback rule, no pose-defining constraint enforced"
79,locust-iii-shalabhasana-c,"Locust III",backbend,intermediate,prone,2,0,2,0,false,low-severity-first-rule-fallback,"locust-iii-shalabhasana-c.chest.opening",true,MEDIUM,"Low-severity fallback rule, no pose-defining constraint enforced"
80,lord-of-the-fishes-paripurna-matsyendrasana,"Lord Of The Fishes'",backbend,intermediate,supine,2,0,2,0,false,low-severity-first-rule-fallback,"lord-of-the-fishes-paripurna-matsyendrasana.chest.opening",true,MEDIUM,"Low-severity fallback rule, no pose-defining constraint enforced"
81,lotus-padmasana,"Lotus Pose",seated,intermediate,seated,2,0,1,1,true,low-severity-first-rule-fallback,"lotus-padmasana.spine.erect",true,MEDIUM-HIGH,"Only generic alignment rules - similar stances may pass gate"
82,low-push-up-chaturanga-dandasana,"Four-Limbed Staff Pose",core,intermediate,plank,2,1,1,0,false,auto-high-severity-fallback,"low-push-up-chaturanga-dandasana.core.alignment",false,LOW,"Auto-extracted high-severity rules provide some pose identity"
83,lunge-runner,"Lunge Runner",standing,intermediate,standing,3,0,3,0,true,low-severity-first-rule-fallback,"lunge-runner.shoulder.level",true,HIGH,"Only generic alignment rules, standing stance - any upright pose may pass"
84,moon-bird-eka-pada-shirshasana-c,"Moon Bird",standing,intermediate,standing,3,0,3,0,true,low-severity-first-rule-fallback,"moon-bird-eka-pada-shirshasana-c.shoulder.level",true,HIGH,"Only generic alignment rules, standing stance - any upright pose may pass"
85,mountain-tadasana,"Mountain Pose",standing,beginner,standing,0,0,0,0,false,NO_RULES,"",true,CRITICAL,"No rules at all - gate relies only on stance+accuracy+confidence"
86,noose-pashasana,"Noose",standing,intermediate,standing,3,0,3,0,true,low-severity-first-rule-fallback,"noose-pashasana.shoulder.level",true,HIGH,"Only generic alignment rules, standing stance - any upright pose may pass"
87,one-leg-behind-the-head-i-eka-pada-shirshasana-a,"One Leg Behind The Head I",standing,intermediate,standing,3,0,3,0,true,low-severity-first-rule-fallback,"one-leg-behind-the-head-i-eka-pada-shirshasana-a.shoulder.level",true,HIGH,"Only generic alignment rules, standing stance - any upright pose may pass"
88,one-leg-behind-the-head-ii-eka-pada-shirshasana-b,"One Leg Behind The Head II",standing,intermediate,standing,3,0,3,0,true,low-severity-first-rule-fallback,"one-leg-behind-the-head-ii-eka-pada-shirshasana-b.shoulder.level",true,HIGH,"Only generic alignment rules, standing stance - any upright pose may pass"
89,peacock-mayurasana,"Peacock Pose",balancing,advanced,arm_balance,2,1,1,0,false,auto-high-severity-fallback,"peacock-mayurasana.standing.leg",false,LOW,"Auto-extracted high-severity rules provide some pose identity"
90,pendant-lolasana,"Pendant",standing,intermediate,arm_balance,3,0,3,0,true,low-severity-first-rule-fallback,"pendant-lolasana.shoulder.level",true,MEDIUM-HIGH,"Only generic alignment rules - similar stances may pass gate"
91,pigeon-kapotasana,"Pigeon Pose",backbend,advanced,standing,2,0,2,0,false,low-severity-first-rule-fallback,"pigeon-kapotasana.chest.opening",true,MEDIUM,"Low-severity fallback rule, no pose-defining constraint enforced"
92,plank-phalakasana,"Plank Pose",core,beginner,plank,2,1,1,0,false,auto-high-severity-fallback,"plank-phalakasana.core.alignment",false,LOW,"Auto-extracted high-severity rules provide some pose identity"
93,plow-halasana,"Plow Pose",inversion,intermediate,inverted,2,2,0,0,true,auto-high-severity-fallback,"plow-halasana.inversion.line | plow-halasana.shoulder.base",false,MEDIUM,"High-severity but generic metrics (alignment) - not pose-specific"
94,pyramid-parshvottanasana,"Pyramid Pose",standing,intermediate,standing,3,0,3,0,true,low-severity-first-rule-fallback,"pyramid-parshvottanasana.shoulder.level",true,HIGH,"Only generic alignment rules, standing stance - any upright pose may pass"
95,rabbit-shashankasana,"Rabbit Pose",restorative,beginner,standing,1,0,0,1,true,low-severity-first-rule-fallback,"rabbit-shashankasana.body.symmetry",true,HIGH,"Only generic alignment rules, standing stance - any upright pose may pass"
96,reclined-bound-angle-supta-baddha-konasana,"Reclining Bound Angle",restorative,beginner,supine,1,0,0,1,true,low-severity-first-rule-fallback,"reclined-bound-angle-supta-baddha-konasana.body.symmetry",true,MEDIUM-HIGH,"Only generic alignment rules - similar stances may pass gate"
97,reverse-corpse-advasana,"Reverse Corpse",restorative,beginner,supine,1,0,0,1,true,low-severity-first-rule-fallback,"reverse-corpse-advasana.body.symmetry",true,MEDIUM-HIGH,"Only generic alignment rules - similar stances may pass gate"
98,revolved-bird-of-paradise-parivritta-svarga-dvijasana,"Revolved Bird Of Paradise",balancing,advanced,standing,2,1,1,0,false,auto-high-severity-fallback,"revolved-bird-of-paradise-parivritta-svarga-dvijasana.standing.leg",false,LOW,"Auto-extracted high-severity rules provide some pose identity"
99,revolved-chair-parivrtta-utkatasana,"Revolved Chair",standing,beginner,standing,3,0,3,0,true,low-severity-first-rule-fallback,"revolved-chair-parivrtta-utkatasana.shoulder.level",true,HIGH,"Only generic alignment rules, standing stance - any upright pose may pass"
100,revolved-flying-man-parivritta-eka-pada-koundinyasana,"Revolved Flying Man",balancing,advanced,arm_balance,2,1,1,0,false,auto-high-severity-fallback,"revolved-flying-man-parivritta-eka-pada-koundinyasana.standing.leg",false,LOW,"Auto-extracted high-severity rules provide some pose identity"
101,revolved-half-moon-parivritta-ardha-chandrasana,"Revolved Half Moon",balancing,intermediate,standing,2,1,1,0,false,auto-high-severity-fallback,"revolved-half-moon-parivritta-ardha-chandrasana.standing.leg",false,LOW,"Auto-extracted high-severity rules provide some pose identity"
102,revolved-seated-hand-to-big-toe-upavishta-parivritta-hasta-padangushthasana,"Revolved Seated Hand To Big Toe",seated,intermediate,seated,2,0,1,1,true,low-severity-first-rule-fallback,"revolved-seated-hand-to-big-toe-upavishta-parivritta-hasta-padangushthasana.spine.erect",true,MEDIUM-HIGH,"Only generic alignment rules - similar stances may pass gate"
103,revolved-standing-hand-to-big-toe-parivritta-hasta-padangushthasana,"Revolved Standing Hand To Big Toe",standing,intermediate,standing,3,0,3,0,true,low-severity-first-rule-fallback,"revolved-standing-hand-to-big-toe-parivritta-hasta-padangushthasana.shoulder.level",true,HIGH,"Only generic alignment rules, standing stance - any upright pose may pass"
104,revolved-triangle-parivritta-trikonasana,"Revolved Triangle Pose",standing,intermediate,standing,3,0,3,0,true,low-severity-first-rule-fallback,"revolved-triangle-parivritta-trikonasana.shoulder.level",true,HIGH,"Only generic alignment rules, standing stance - any upright pose may pass"
105,rock-the-baby,"Rock The Baby",standing,intermediate,standing,3,0,3,0,true,low-severity-first-rule-fallback,"rock-the-baby.shoulder.level",true,HIGH,"Only generic alignment rules, standing stance - any upright pose may pass"
106,rooster-kukkutasana,"Rooster",standing,intermediate,standing,3,0,3,0,true,low-severity-first-rule-fallback,"rooster-kukkutasana.shoulder.level",true,HIGH,"Only generic alignment rules, standing stance - any upright pose may pass"
107,sage-bharadvajas-twist-bharadvajasana,"Sage Bharadvaja's Twist",standing,intermediate,standing,3,0,3,0,true,low-severity-first-rule-fallback,"sage-bharadvajas-twist-bharadvajasana.shoulder.level",true,HIGH,"Only generic alignment rules, standing stance - any upright pose may pass"
108,sage-gherandas-gherandasana,"Sage Gheranda's",standing,intermediate,standing,3,0,3,0,true,low-severity-first-rule-fallback,"sage-gherandas-gherandasana.shoulder.level",true,HIGH,"Only generic alignment rules, standing stance - any upright pose may pass"
109,sage-marichis-i-marichyasana-a,"Sage Marichi's I",standing,intermediate,seated,3,0,3,0,true,low-severity-first-rule-fallback,"sage-marichis-i-marichyasana-a.shoulder.level",true,MEDIUM-HIGH,"Only generic alignment rules - similar stances may pass gate"
110,sage-marichis-ii-marichyasana-b,"Sage Marichi's II",standing,intermediate,seated,3,0,3,0,true,low-severity-first-rule-fallback,"sage-marichis-ii-marichyasana-b.shoulder.level",true,MEDIUM-HIGH,"Only generic alignment rules - similar stances may pass gate"
111,sage-marichis-iii-marichyasana-c,"Sage Marichi's III",standing,intermediate,seated,3,0,3,0,true,low-severity-first-rule-fallback,"sage-marichis-iii-marichyasana-c.shoulder.level",true,MEDIUM-HIGH,"Only generic alignment rules - similar stances may pass gate"
112,sage-marichis-iv-marichyasana-d,"Sage Marichi's Iv",standing,intermediate,seated,3,0,3,0,true,low-severity-first-rule-fallback,"sage-marichis-iv-marichyasana-d.shoulder.level",true,MEDIUM-HIGH,"Only generic alignment rules - similar stances may pass gate"
113,sage-visvamitras-vishvamitrasana,"Sage Visvamitra's",standing,intermediate,standing,3,0,3,0,true,low-severity-first-rule-fallback,"sage-visvamitras-vishvamitrasana.shoulder.level",true,HIGH,"Only generic alignment rules, standing stance - any upright pose may pass"
114,scale-tolasana,"Scale Pose",balancing,intermediate,arm_balance,2,1,1,0,false,auto-high-severity-fallback,"scale-tolasana.standing.leg",false,LOW,"Auto-extracted high-severity rules provide some pose identity"
115,scorpion-vrischikasana-a,"Scorpion",standing,advanced,inverted,3,0,3,0,true,low-severity-first-rule-fallback,"scorpion-vrischikasana-a.shoulder.level",true,MEDIUM-HIGH,"Only generic alignment rules - similar stances may pass gate"
116,seated-forward-fold-paschimottanasana,"Seated Forward Fold",seated,beginner,seated,2,0,1,1,true,low-severity-first-rule-fallback,"seated-forward-fold-paschimottanasana.spine.erect",true,MEDIUM-HIGH,"Only generic alignment rules - similar stances may pass gate"
117,seated-gate-parighasana,"Seated Gate",seated,intermediate,seated,2,0,1,1,true,low-severity-first-rule-fallback,"seated-gate-parighasana.spine.erect",true,MEDIUM-HIGH,"Only generic alignment rules - similar stances may pass gate"
118,seated-half-bound-lotus-forward-bend-ardha-baddha-padma-paschimottanasana,"Seated Half Bound Lotus Forward Bend Ardha Baddha Padma",seated,intermediate,seated,2,0,1,1,true,low-severity-first-rule-fallback,"seated-half-bound-lotus-forward-bend-ardha-baddha-padma-paschimottanasana.spine.erect",true,MEDIUM-HIGH,"Only generic alignment rules - similar stances may pass gate"
119,seated-three-limbed-forward-bend-trianga-mukha-eka-pada-paschimottanasana,"Seated Three Limbed Forward Bend",seated,intermediate,seated,2,0,1,1,true,low-severity-first-rule-fallback,"seated-three-limbed-forward-bend-trianga-mukha-eka-pada-paschimottanasana.spine.erect",true,MEDIUM-HIGH,"Only generic alignment rules - similar stances may pass gate"
120,seated-twist-ardha-matsyendrasana,"Seated Twist",seated,intermediate,seated,2,0,1,1,true,low-severity-first-rule-fallback,"seated-twist-ardha-matsyendrasana.spine.erect",true,MEDIUM-HIGH,"Only generic alignment rules - similar stances may pass gate"
121,shiva-squat,"Shiva Squat",standing,intermediate,standing,3,0,3,0,true,low-severity-first-rule-fallback,"shiva-squat.shoulder.level",true,HIGH,"Only generic alignment rules, standing stance - any upright pose may pass"
122,shoelace,"Shoelace",seated,intermediate,seated,2,0,1,1,true,low-severity-first-rule-fallback,"shoelace.spine.erect",true,MEDIUM-HIGH,"Only generic alignment rules - similar stances may pass gate"
123,shoulder-pressing-bhuja-pidasana,"Shoulder Pressing Bhuja",standing,intermediate,arm_balance,3,0,3,0,true,low-severity-first-rule-fallback,"shoulder-pressing-bhuja-pidasana.shoulder.level",true,MEDIUM-HIGH,"Only generic alignment rules - similar stances may pass gate"
124,shoulder-stand-with-lotus-legs-urdhva-padmasana,"Shoulder Stand With Lotus Legs Urdhva",seated,intermediate,seated,2,0,1,1,true,low-severity-first-rule-fallback,"shoulder-stand-with-lotus-legs-urdhva-padmasana.spine.erect",true,MEDIUM-HIGH,"Only generic alignment rules - similar stances may pass gate"
125,shoulderstand-sarvangasana,"Shoulderstand",inversion,intermediate,inverted,2,2,0,0,true,auto-high-severity-fallback,"shoulderstand-sarvangasana.inversion.line | shoulderstand-sarvangasana.shoulder.base",false,MEDIUM,"High-severity but generic metrics (alignment) - not pose-specific"
126,side-crow-parsva-bakasana,"Side Crow Pose",balancing,advanced,arm_balance,2,1,1,0,false,auto-high-severity-fallback,"side-crow-parsva-bakasana.standing.leg",false,LOW,"Auto-extracted high-severity rules provide some pose identity"
127,side-lunge-skandasana,"Side Lunge",standing,intermediate,standing,3,0,3,0,true,low-severity-first-rule-fallback,"side-lunge-skandasana.shoulder.level",true,HIGH,"Only generic alignment rules, standing stance - any upright pose may pass"
128,side-plank-vasishthasana,"Side Plank Pose",core,intermediate,plank,2,1,1,0,false,auto-high-severity-fallback,"side-plank-vasishthasana.core.alignment",false,LOW,"Auto-extracted high-severity rules provide some pose identity"
129,sleeping-yogi-yoga-nidrasana,"Sleeping Yogi Yoga",standing,intermediate,standing,3,0,3,0,true,low-severity-first-rule-fallback,"sleeping-yogi-yoga-nidrasana.shoulder.level",true,HIGH,"Only generic alignment rules, standing stance - any upright pose may pass"
130,snake-sarpasana,"Snake",standing,intermediate,standing,3,0,3,0,true,low-severity-first-rule-fallback,"snake-sarpasana.shoulder.level",true,HIGH,"Only generic alignment rules, standing stance - any upright pose may pass"
131,sphinx-salamba-bhujangasana,"Sphinx Pose",backbend,beginner,prone,2,0,2,0,false,low-severity-first-rule-fallback,"sphinx-salamba-bhujangasana.chest.opening",true,MEDIUM,"Low-severity fallback rule, no pose-defining constraint enforced"
132,staff-dandasana,"Staff Pose",seated,beginner,seated,2,0,1,1,true,low-severity-first-rule-fallback,"staff-dandasana.spine.erect",true,MEDIUM-HIGH,"Only generic alignment rules - similar stances may pass gate"
133,standing-bow-dandayamana-dhanurasana,"Standing Bow",backbend,intermediate,prone,2,0,2,0,false,low-severity-first-rule-fallback,"standing-bow-dandayamana-dhanurasana.chest.opening",true,MEDIUM,"Low-severity fallback rule, no pose-defining constraint enforced"
134,standing-foot-to-head-trivikramasana-a,"Standing Foot To Head",standing,intermediate,standing,3,0,3,0,true,low-severity-first-rule-fallback,"standing-foot-to-head-trivikramasana-a.shoulder.level",true,HIGH,"Only generic alignment rules, standing stance - any upright pose may pass"
135,standing-forward-bend-uttanasana,"Standing Forward Bend",standing,beginner,bending,3,0,3,0,true,low-severity-first-rule-fallback,"standing-forward-bend-uttanasana.shoulder.level",true,MEDIUM-HIGH,"Only generic alignment rules - similar stances may pass gate"
136,standing-half-bound-lotus-forward-bend-ardha-baddha-padmottanasana,"Standing Half Bound Lotus Forward Bend",seated,intermediate,seated,2,0,1,1,true,low-severity-first-rule-fallback,"standing-half-bound-lotus-forward-bend-ardha-baddha-padmottanasana.spine.erect",true,MEDIUM-HIGH,"Only generic alignment rules - similar stances may pass gate"
137,standing-hand-to-big-toe-utthita-hasta-padangushthasana-a,"Standing Hand To Big Toe Utthita",standing,intermediate,standing,3,0,3,0,true,low-severity-first-rule-fallback,"standing-hand-to-big-toe-utthita-hasta-padangushthasana-a.shoulder.level",true,HIGH,"Only generic alignment rules, standing stance - any upright pose may pass"
138,standing-leg-behind-head-durvasasana,"Standing Leg Behind Head",standing,intermediate,standing,3,0,3,0,true,low-severity-first-rule-fallback,"standing-leg-behind-head-durvasasana.shoulder.level",true,HIGH,"Only generic alignment rules, standing stance - any upright pose may pass"
139,standing-leg-behind-head-forward-bend-richikasana,"Standing Leg Behind Head Forward Bend",forward_bend,intermediate,bending,1,0,0,1,true,low-severity-first-rule-fallback,"standing-leg-behind-head-forward-bend-richikasana.body.symmetry",true,MEDIUM-HIGH,"Only generic alignment rules - similar stances may pass gate"
140,standing-splits-urdhva-prasarita-eka-padasana,"Standing Splits Urdhva",forward_bend,advanced,bending,1,0,0,1,true,low-severity-first-rule-fallback,"standing-splits-urdhva-prasarita-eka-padasana.body.symmetry",true,MEDIUM-HIGH,"Only generic alignment rules - similar stances may pass gate"
141,star-utthita-tadasana,"Star Utthita",standing,intermediate,standing,3,0,3,0,true,low-severity-first-rule-fallback,"star-utthita-tadasana.shoulder.level",true,HIGH,"Only generic alignment rules, standing stance - any upright pose may pass"
142,supine-angle-supta-konasana,"Supine Angle",restorative,intermediate,supine,1,0,0,1,true,low-severity-first-rule-fallback,"supine-angle-supta-konasana.body.symmetry",true,MEDIUM-HIGH,"Only generic alignment rules - similar stances may pass gate"
143,supine-foot-to-head-supta-trivikramasana,"Supine Foot To Head",restorative,intermediate,supine,1,0,0,1,true,low-severity-first-rule-fallback,"supine-foot-to-head-supta-trivikramasana.body.symmetry",true,MEDIUM-HIGH,"Only generic alignment rules - similar stances may pass gate"
144,supine-hand-to-big-toe-supta-padangushthasana-a,"Supine Hand To Big Toe",restorative,intermediate,supine,1,0,0,1,true,low-severity-first-rule-fallback,"supine-hand-to-big-toe-supta-padangushthasana-a.body.symmetry",true,MEDIUM-HIGH,"Only generic alignment rules - similar stances may pass gate"
145,supine-straddle-supta-samakonasana,"Supine Straddle",restorative,intermediate,supine,1,0,0,1,true,low-severity-first-rule-fallback,"supine-straddle-supta-samakonasana.body.symmetry",true,MEDIUM-HIGH,"Only generic alignment rules - similar stances may pass gate"
146,supine-twist-supta-matsyendrasana,"Supine Twist",restorative,intermediate,supine,1,0,0,1,true,low-severity-first-rule-fallback,"supine-twist-supta-matsyendrasana.body.symmetry",true,MEDIUM-HIGH,"Only generic alignment rules - similar stances may pass gate"
147,thunderbolt-vajrasana,"Thunderbolt Pose",seated,beginner,seated,2,0,1,1,true,low-severity-first-rule-fallback,"thunderbolt-vajrasana.spine.erect",true,MEDIUM-HIGH,"Only generic alignment rules - similar stances may pass gate"
148,tiger-vyaghrasana,"Tiger",standing,intermediate,standing,3,0,3,0,true,low-severity-first-rule-fallback,"tiger-vyaghrasana.shoulder.level",true,HIGH,"Only generic alignment rules, standing stance - any upright pose may pass"
149,toe-stand-padangushthasana,"Toe Stand",standing,intermediate,standing,3,0,3,0,true,low-severity-first-rule-fallback,"toe-stand-padangushthasana.shoulder.level",true,HIGH,"Only generic alignment rules, standing stance - any upright pose may pass"
150,tortoise-kurmasana,"Tortoise",standing,intermediate,standing,3,0,3,0,true,low-severity-first-rule-fallback,"tortoise-kurmasana.shoulder.level",true,HIGH,"Only generic alignment rules, standing stance - any upright pose may pass"
151,tree-vrksasana,"Tree Pose",balancing,beginner,standing,0,0,0,0,false,NO_RULES,"",true,CRITICAL,"No rules at all - gate relies only on stance+accuracy+confidence"
152,triangle-trikonasana,"Triangle Pose",standing,beginner,standing,3,0,3,0,true,low-severity-first-rule-fallback,"triangle-trikonasana.shoulder.level",true,HIGH,"Only generic alignment rules, standing stance - any upright pose may pass"
153,tripod-headstand-mukta-hasta-shirshasana-a,"Tripod Headstand",inversion,intermediate,inverted,2,2,0,0,true,auto-high-severity-fallback,"tripod-headstand-mukta-hasta-shirshasana-a.inversion.line | tripod-headstand-mukta-hasta-shirshasana-a.shoulder.base",false,MEDIUM,"High-severity but generic metrics (alignment) - not pose-specific"
154,two-legs-behind-the-head-i-dvi-pada-shirshasana-a,"Two Legs Behind The Head I",standing,advanced,standing,3,0,3,0,true,low-severity-first-rule-fallback,"two-legs-behind-the-head-i-dvi-pada-shirshasana-a.shoulder.level",true,HIGH,"Only generic alignment rules, standing stance - any upright pose may pass"
155,two-legs-behind-the-head-ii-dvi-pada-shirshasana-b,"Two Legs Behind The Head II",standing,advanced,standing,3,0,3,0,true,low-severity-first-rule-fallback,"two-legs-behind-the-head-ii-dvi-pada-shirshasana-b.shoulder.level",true,HIGH,"Only generic alignment rules, standing stance - any upright pose may pass"
156,upward-facing-dog-urdhva-mukha-shvanasana,"Upward-Facing Dog",backbend,intermediate,standing,2,0,2,0,false,low-severity-first-rule-fallback,"upward-facing-dog-urdhva-mukha-shvanasana.chest.opening",true,MEDIUM,"Low-severity fallback rule, no pose-defining constraint enforced"
157,upward-plank-purvottanasana,"Upward Plank Pose",core,intermediate,plank,2,1,1,0,false,auto-high-severity-fallback,"upward-plank-purvottanasana.core.alignment",false,LOW,"Auto-extracted high-severity rules provide some pose identity"
158,warrior-i-virabhadrasana-a,"Warrior I",standing,beginner,standing,3,0,3,0,true,low-severity-first-rule-fallback,"warrior-i-virabhadrasana-a.shoulder.level",true,HIGH,"Only generic alignment rules, standing stance - any upright pose may pass"
159,warrior-ii-virabhadrasana-ii,"Warrior II",standing,beginner,standing,0,0,0,0,false,NO_RULES,"",true,CRITICAL,"No rules at all - gate relies only on stance+accuracy+confidence"
160,warrior-iii-virabhadrasana-c,"Warrior III",balancing,intermediate,standing,2,1,1,0,false,auto-high-severity-fallback,"warrior-iii-virabhadrasana-c.standing.leg",false,LOW,"Auto-extracted high-severity rules provide some pose identity"
161,waterfall-supta-dandasana,"Waterfall",standing,intermediate,supine,3,0,3,0,true,low-severity-first-rule-fallback,"waterfall-supta-dandasana.shoulder.level",true,MEDIUM-HIGH,"Only generic alignment rules - similar stances may pass gate"
162,wheel-urdhva-dhanurasana,"Wheel Pose",backbend,advanced,supine,2,0,2,0,false,low-severity-first-rule-fallback,"wheel-urdhva-dhanurasana.chest.opening",true,MEDIUM,"Low-severity fallback rule, no pose-defining constraint enforced"
163,wide-angle-seated-forward-bend-upavistha-konasana,"Wide Angle Seated Forward Bend Upavistha",seated,intermediate,seated,2,0,1,1,true,low-severity-first-rule-fallback,"wide-angle-seated-forward-bend-upavistha-konasana.spine.erect",true,MEDIUM-HIGH,"Only generic alignment rules - similar stances may pass gate"
164,wide-legged-forward-bend-i-prasarita-padottanasana-a,"Wide Legged Forward Bend I",forward_bend,intermediate,bending,1,0,0,1,true,low-severity-first-rule-fallback,"wide-legged-forward-bend-i-prasarita-padottanasana-a.body.symmetry",true,MEDIUM-HIGH,"Only generic alignment rules - similar stances may pass gate"
165,wide-legged-forward-bend-ii-prasarita-padottanasana-b,"Wide Legged Forward Bend II",forward_bend,intermediate,bending,1,0,0,1,true,low-severity-first-rule-fallback,"wide-legged-forward-bend-ii-prasarita-padottanasana-b.body.symmetry",true,MEDIUM-HIGH,"Only generic alignment rules - similar stances may pass gate"
166,wide-legged-forward-bend-iii-prasarita-padottanasana-c,"Wide Legged Forward Bend III",forward_bend,intermediate,bending,1,0,0,1,true,low-severity-first-rule-fallback,"wide-legged-forward-bend-iii-prasarita-padottanasana-c.body.symmetry",true,MEDIUM-HIGH,"Only generic alignment rules - similar stances may pass gate"
167,wide-legged-forward-bend-iv-prasarita-padottanasana-d,"Wide Legged Forward Bend Iv",forward_bend,intermediate,bending,1,0,0,1,true,low-severity-first-rule-fallback,"wide-legged-forward-bend-iv-prasarita-padottanasana-d.body.symmetry",true,MEDIUM-HIGH,"Only generic alignment rules - similar stances may pass gate"
168,wide-splits-samakonasana,"Wide Splits",standing,advanced,standing,3,0,3,0,true,low-severity-first-rule-fallback,"wide-splits-samakonasana.shoulder.level",true,HIGH,"Only generic alignment rules, standing stance - any upright pose may pass"
169,wild-thing-chamatkarasana,"Wild Thing",backbend,intermediate,standing,2,0,2,0,false,low-severity-first-rule-fallback,"wild-thing-chamatkarasana.chest.opening",true,MEDIUM,"Low-severity fallback rule, no pose-defining constraint enforced"
170,wind-removing-pavanamuktasana,"Wind-Relieving Pose",restorative,beginner,standing,1,0,0,1,true,low-severity-first-rule-fallback,"wind-removing-pavanamuktasana.body.symmetry",true,HIGH,"Only generic alignment rules, standing stance - any upright pose may pass"